config,auc,ap,ece
Full,0.9972632653061224,0.9880900328935168,0.01247614181464808
-LLM-likelihood,0.7721591836734694,0.6125594090090986,0.025903711559312436
-Lexical,0.9554020408163266,0.8753326340547021,0.020819570771813234
-Punctuation,0.9964183673469388,0.9832072610432949,0.013613553509439071
-Hedging,0.9971714285714286,0.9856154742627486,0.016305745760732925
