{
  "em_dash": {
    "mu": 0.007004761904761905,
    "sigma": 0.06683008090361388
  },
  "en_dash": {
    "mu": 0.0007333333333333333,
    "sigma": 0.016450113451287687
  },
  "semicolon": {
    "mu": 0.018100396825396825,
    "sigma": 0.09070364860209637
  },
  "ellipsis": {
    "mu": 0.018584992784992784,
    "sigma": 0.08646178516219861
  },
  "oxford_comma": {
    "mu": 0.07318495670995671,
    "sigma": 0.17586480978275337
  },
  "multi_excl": {
    "mu": 0.0008333333333333333,
    "sigma": 0.018985642916490863
  },
  "multi_quest": {
    "mu": 0.002270833333333333,
    "sigma": 0.03680660207020122
  },
  "all_caps_run": {
    "mu": 0.07228780663780664,
    "sigma": 0.25894519742846867
  },
  "double_space": {
    "mu": 0.00020408079670394496,
    "sigma": 0.0016262672115648917
  },
  "smart_quote": {
    "mu": 0.0001024451017464603,
    "sigma": 0.0014967688200447225
  }
}